articles.A-B,BMC_Infect_Dis,BMC_Infect_Dis_2011_May_11_11_118.nxml,Increasing risk behaviour can outweigh the benefits of antiretroviral drug treatment on the HIV incidence among men-having-sex-with-men in Amsterdam,ACS
articles.A-B,Biochem_Genet,Biochem_Genet_2011_Jun_30_49(5-6)_329-351.nxml,Regulation of Hemocytes in Drosophila Requires dappled Cytochrome b5,American Cancer Society
articles.A-B,Arq_Bras_Cardiol,Arq_Bras_Cardiol_2014_Mar_102(3)_226-236.nxml,Prognostic Score for Acute Coronary Syndrome in a Private Terciary Hospital,ACS
articles.A-B,Arq_Bras_Cardiol,Arq_Bras_Cardiol_2013_Jul_101(1)_78-86.nxml,Correlation between Plaque Composition as assessed by Virtual Histology and C-reactive Protein,ACS
articles.A-B,Anemia,Anemia_2013_Apr_30_2013_206829.nxml,Preoperative Hematocrit Concentration and the Risk of Stroke in Patients Undergoing Isolated Coronary-Artery Bypass Grafting,ACS
articles.A-B,BMC_Biol,BMC_Biol_2006_May_3_4_14.nxml,Compensation by tumor suppressor genes during retinal development in mice and humans,American Cancer Society
articles.A-B,BMC_Med_Phys,BMC_Med_Phys_2009_May_5_9_5.nxml,Prognostic implication of late gadolinium enhancement on cardiac MRI in light chain (AL) amyloidosis on long term follow up,American Cancer Society
articles.A-B,Adv_Prev_Med,Adv_Prev_Med_2011_Jun_8_2011_281863.nxml,Vitamin D  Sunlight and Prostate Cancer Risk,ACS,RSG-09-175-01-CCE
articles.A-B,Ann_Intensive_Care,Ann_Intensive_Care_2012_Jul_5_2(Suppl_1)_S6.nxml,Pediatric critical care nurses' experience with abdominal compartment syndrome,ACS
articles.A-B,Ann_Intensive_Care,Ann_Intensive_Care_2012_Jul_5_2(Suppl_1)_S7.nxml,Recognition and management of abdominal compartment syndrome among German anesthetists and surgeons: a national survey,ACS
articles.A-B,Ann_Intensive_Care,Ann_Intensive_Care_2012_Jul_5_2(Suppl_1)_S2.nxml,Intra-abdominal hypertension in patients with sellar region tumors,ACS
articles.A-B,Ann_Intensive_Care,Ann_Intensive_Care_2012_Jul_5_2(Suppl_1)_S5.nxml,Intra-abdominal pressure  intra-abdominal hypertension  and pregnancy: a review,ACS
articles.A-B,Ann_Intensive_Care,Ann_Intensive_Care_2012_Jul_5_2(Suppl_1)_S16.nxml,Temporal differences in the development of organ dysfunction based on two different approaches to induce experimental intra-abdominal hypertension in swine,ACS
articles.A-B,BMC_Psychiatry,BMC_Psychiatry_2013_Jan_25_13_37.nxml,Schizophrenia and potentially preventable hospitalizations in the United States: a retrospective cross-sectional study,ACS
articles.A-B,BMC_Res_Notes,BMC_Res_Notes_2012_Aug_8_5_420.nxml,Likelihood of acute coronary syndrome in emergency department chest pain patients varies with time of presentation,ACS
articles.A-B,BMC_Res_Notes,BMC_Res_Notes_2011_Oct_4_4_379.nxml,Antiphospholipid antibodies in black south africans with hiv and acute coronary syndromes: prevalence and clinical correlates,ACS
articles.A-B,BMC_Res_Notes,BMC_Res_Notes_2012_Jul_2_5_342.nxml,Rehospitalization following percutaneous coronary intervention for commercially insured patients with acute coronary syndrome: a retrospective analysis,ACS
articles.A-B,BMC_Res_Notes,BMC_Res_Notes_2012_Sep_26_5_534.nxml,Characteristics and in-hospital outcomes of patients with acute coronary syndromes and heart failure in the United Arab Emirates,ACS
articles.A-B,BMC_Dev_Biol,BMC_Dev_Biol_2007_May_7_7_43.nxml,Quantitative analysis of Hedgehog gradient formation using an inducible expression system,American Cancer Society
articles.A-B,BMC_Dev_Biol,BMC_Dev_Biol_2005_Jul_20_5_14.nxml,A genome-wide in situ hybridization map of RNA-binding proteins reveals anatomically restricted expression in the developing mouse brain,American Cancer Society,PF-02-128-01-MBC
articles.A-B,BMC_Dev_Biol,BMC_Dev_Biol_2009_Apr_21_9_28.nxml,O-GlcNAc modifications regulate cell survival and epiboly during zebrafish development,American Cancer Society,ACS RSG DDC-112979
articles.A-B,BMC_Dev_Biol,BMC_Dev_Biol_2006_Mar_16_6_16.nxml,Notch signaling through Tramtrack bypasses the mitosis promoting activity of the JNK pathway in the mitotic-to-endocycle transition of Drosophila follicle cells,American Cancer Society
articles.A-B,BMC_Dev_Biol,BMC_Dev_Biol_2007_Aug_20_7_97.nxml,A highly conserved regulatory element controls hematopoietic expression of GATA-2 in zebrafish,American Cancer Society,RSG-99-081-04-LIB
articles.A-B,Biol_Proced_Online,Biol_Proced_Online_2004_Jan_15_6_1-9.nxml,Force and Compliance Measurements on Living Cells Using Atomic Force Microscopy (AFM),American Cancer Society
articles.A-B,Biol_Proced_Online,Biol_Proced_Online_2005_Oct_17_7_144-161.nxml,Use of three-dimensional collagen gels to study mechanotransduction in T47D breast epithelial cells,American Cancer Society,RPG-00-339 to P.J.K
articles.A-B,Biol_Proced_Online,Biol_Proced_Online_2005_May_9_7_60-69.nxml,Easy detection of chromatin binding proteins by the histone association assay,American Cancer Society
articles.A-B,Breast_Cancer_Res_Treat,Breast_Cancer_Res_Treat_2013_Oct_26_142_187-202.nxml,Validation of RosnerColditz breast cancer incidence model using an independent data set  the California Teachers Study,American Cancer Society
articles.A-B,Breast_Cancer_Res_Treat,Breast_Cancer_Res_Treat_2013_Apr_22_138(2)_549-559.nxml,Postpartum diagnosis demonstrates a high risk for metastasis and merits an expanded definition of pregnancy-associated breast cancer,ACS,PF-08-257-01-CSM
articles.A-B,Behav_Genet,Behav_Genet_2014_May_15_44_295-313.nxml,Harmonization of Neuroticism and Extraversion phenotypes across inventories and cohorts in the Genetics of Personality Consortium: an application of Item Response Theory,American Cancer Society,IRG-58-010-50
articles.A-B,Biomed_Opt_Express,Biomed_Opt_Express_2010_Oct_20_1(4)_1188-1195.nxml,Comparison of intensity-modulated continuous-wave lasers with a chirped modulation frequency to pulsed lasers for photoacoustic imaging applications,ACS,RSG-08-117-01-CCE
articles.A-B,Ann_Rehabil_Med,Ann_Rehabil_Med_2012_Aug_27_36(4)_544-550.nxml,The Predictive Value of ST/HR Index for Restenosis after Percutaneous Coronary Intervention,ACS
articles.A-B,Ann_Rehabil_Med,Ann_Rehabil_Med_2013_Dec_23_37(6)_766-776.nxml,Randomized  Sham Controlled Trial of Transcranial Direct Current Stimulation for Painful Diabetic Polyneuropathy,,EJRG-12-014-04
articles.A-B,Biologics,Biologics_2008_Mar_2(1)_29-39.nxml,Abciximab: a reappraisal of its use in coronary care,ACS
articles.A-B,Biologics,Biologics_2007_Dec_1(4)_407-414.nxml,The RAS/mitogen activated protein (MAP) kinase pathway in melanoma biology and therapeutics,American Cancer Society
articles.A-B,Biologics,Biologics_2013_Apr_26_7_91-101.nxml,Clinical use of crizotinib for the treatment of non-small cell lung cancer,American Cancer Society,PF-10-239-01-TBG
articles.A-B,BMC_Surg,BMC_Surg_2010_Jul_12_10_22.nxml,Decompressive laparotomy with temporary abdominal closure versus percutaneous puncture with placement of abdominal catheter in patients with abdominal compartment syndrome during acute pancreatitis: background and design of multicenter  randomised  controlled study,ACS
articles.A-B,BMC_Biotechnol,BMC_Biotechnol_2005_Aug_18_5_22.nxml,A simplified immunoprecipitation method for quantitatively measuring antibody responses in clinical sera samples by using mammalian-produced Renilla luciferase-antigen fusion proteins,American Cancer Society,CRTG-02-245-01-CCE
articles.A-B,BMC_Biotechnol,BMC_Biotechnol_2004_Apr_29_4_9.nxml,A gene expression system offering multiple levels of regulation: the Dual Drug Control (DDC) system,ACS
articles.A-B,BMC_Med_Educ,BMC_Med_Educ_2008_Feb_19_8_9.nxml,Research enrichment: evaluation of structured research in the curriculum for dental medicine students as part of the vertical and horizontal integration of biomedical training and discovery,American Cancer Society,ACS-IRG#103719
articles.A-B,BMC_Med_Educ,BMC_Med_Educ_2004_Dec_6_4_29.nxml,Personal health promotion at US medical schools: a quantitative study and qualitative description of deans' and students' perceptions,American Cancer Society
articles.A-B,BMC_Fam_Pract,BMC_Fam_Pract_2012_Oct_10_13_97.nxml,The impact of a disease management program (COACH) on the attainment of better cardiovascular risk control in dyslipidaemic patients at primary care centres (The DISSEMINATE Study): a randomised controlled trial,,NMRR-08-287-14
articles.A-B,BMC_Fam_Pract,BMC_Fam_Pract_2009_May_29_10_37.nxml,A multilevel intervention to promote colorectal cancer screening among community health center patients: results of a pilot study,American Cancer Society,MRSGT-05-007-01-CPPB
articles.A-B,BMC_Fam_Pract,BMC_Fam_Pract_2008_Feb_27_9_15.nxml,Barriers to colorectal cancer screening in community health centers: A qualitative study,American Cancer Society,MRSGT-05-007-01-CPPB
articles.A-B,BMC_Fam_Pract,BMC_Fam_Pract_2002_Oct_24_3_19.nxml,Prostate-specific antigen testing accuracy in community practice,American Cancer Society
articles.A-B,BMC_Fam_Pract,BMC_Fam_Pract_2008_Sep_3_9_49.nxml,Discussions about preventive services: a qualitative study,American Cancer Society,MRSGT-05-007-01-CPPB
articles.A-B,BMC_Fam_Pract,BMC_Fam_Pract_2006_Feb_11_7_9.nxml,Older adults' beliefs about physician-estimated life expectancy: a cross-sectional survey,American Cancer Society,CCCDA-00-180-01
articles.A-B,BMC_Fam_Pract,BMC_Fam_Pract_2007_Mar_30_8_16.nxml,The effect of health literacy on knowledge and receipt of colorectal cancer screening: a survey study,American Cancer Society,CCCDA-05-162-01
articles.A-B,Angiogenesis,Angiogenesis_2008_Jun_22_11(2)_109-119.nxml,Vascular permeability  vascular hyperpermeability and angiogenesis,ACS,RSG-05-118-01-CSM
articles.A-B,BMC_Oral_Health,BMC_Oral_Health_2012_Jun_22_12_17.nxml,Oral health status of patients with acute coronary syndrome  a case control study,ACS
articles.A-B,BMC_Mol_Biol,BMC_Mol_Biol_2000_Nov_16_1_2.nxml,A simple method for generating full length cDNA from low abundance partial genomic clones,American Cancer Society
articles.A-B,BMC_Mol_Biol,BMC_Mol_Biol_2012_Nov_16_13_34.nxml,Directional telomeric silencing and lack of canonical B1 elements in two silencer Autonomously Replicating Sequences in S. cerevisiae,ACS
articles.A-B,BMC_Mol_Biol,BMC_Mol_Biol_2006_Nov_28_7_43.nxml,DNA unwinding assay using streptavidin-bound oligonucleotides,American Cancer Society,RSG-04-050-01-GMC
articles.A-B,BMC_Mol_Biol,BMC_Mol_Biol_2006_Feb_17_7_6.nxml,Length-dependent degradation of single-stranded 3' ends by the Werner syndrome protein (WRN): implications for spatial orientation and coordinated 3' to 5' movement of its ATPase/helicase and exonuclease domains,American Cancer Society,#85-001-13-IRG
articles.A-B,BMC_Mol_Biol,BMC_Mol_Biol_2009_Mar_27_10_27.nxml,Functional characterization and identification of mouse Rad51d splice variants,American Cancer Society,RSG-030158-01-GMC
articles.A-B,Acta_Crystallogr_Sect_E_Struct_Rep_Online,Acta_Crystallogr_Sect_E_Struct_Rep_Online_2008_Mar_14_64(Pt_4)_m553-m554.nxml,Tetrakis(-2-methylbenzoato)bis[(2-methylbenzoic acid)copper(II)]  [Cu 2 (C 8 H 7 O 2 ) 4 (C 8 H 8 O 2 ) 2 ],ACS
articles.A-B,Acta_Crystallogr_Sect_E_Struct_Rep_Online,Acta_Crystallogr_Sect_E_Struct_Rep_Online_2013_May_18_69(Pt_6)_i36.nxml,The low-symmetry lanthanum(III) oxotellurate(IV)  La 10 Te 12 O 39    La 10 Te 12 O 39,ACS
articles.A-B,Acta_Crystallogr_Sect_E_Struct_Rep_Online,Acta_Crystallogr_Sect_E_Struct_Rep_Online_2010_Aug_11_66(Pt_9)_o2285.nxml,2 2 5 5-Tetrachlorobenzidine  C 12 H 8 Cl 4 N 2,ACS
articles.A-B,Acta_Crystallogr_Sect_E_Struct_Rep_Online,Acta_Crystallogr_Sect_E_Struct_Rep_Online_2008_Jun_19_64(Pt_7)_m939.nxml,Tetrakis(-4-ethylbenzoato- 2          O : O )bis[(4-ethylbenzoic acid- O )copper(II)]  [Cu 2 (C 9 H 9 O 2 ) 4 (C 9 H 10 O 2 ) 2 ],ACS
articles.A-B,Acta_Crystallogr_Sect_E_Struct_Rep_Online,Acta_Crystallogr_Sect_E_Struct_Rep_Online_2011_Jun_4_67(Pt_7)_m853-m854.nxml,Crystallographic coincidence of two bridging species in a dinuclear Co III ethynylbenzene complex  [Co 2 (C 12 H 4 )Cl 2 (C 10 H 24 N 4 ) 2 ] 0.88 [Co 2 (C 10 H 3 Br)Cl 2 (C 10 H 24 N 4 ) 2 ] 0.12 (C 24 H 20 B) 2 4C 3 H 6 O,ACS
articles.A-B,BMC_Cardiovasc_Disord,BMC_Cardiovasc_Disord_2006_Oct_24_6_41.nxml,The impact of diabetes on one-year health status outcomes following acute coronary syndromes,ACS
articles.A-B,BMC_Cardiovasc_Disord,BMC_Cardiovasc_Disord_2013_Sep_13_13_72.nxml,Increased urinary IgM excretion in patients with chest pain due to coronary artery disease,ACS
articles.A-B,BMC_Cardiovasc_Disord,BMC_Cardiovasc_Disord_2013_Jun_18_13_42.nxml,The combination of high sensitivity troponin T and copeptin facilitates early rule-out of ACS: a prospective observational study,ACS
articles.A-B,BMC_Cardiovasc_Disord,BMC_Cardiovasc_Disord_2013_Sep_26_13_77.nxml,The impact of the HEART risk score in the early assessment of patients with acute chest pain: design of a stepped wedge  cluster randomised trial,ACS
articles.A-B,BMC_Cardiovasc_Disord,BMC_Cardiovasc_Disord_2012_Feb_15_12_6.nxml,Angiotensin converting enzyme DD genotype is associated with acute coronary syndrome severity and sudden cardiac death in Taiwan: a case-control emergency room study,ACS
articles.A-B,BMC_Cardiovasc_Disord,BMC_Cardiovasc_Disord_2013_Aug_8_13_55.nxml,Economic burden of acute coronary syndrome in South Korea: a national survey,ACS
articles.A-B,BMC_Cardiovasc_Disord,BMC_Cardiovasc_Disord_2007_Sep_12_7_28.nxml,One-year health status outcomes of unstable angina versus myocardial infarction: a prospective  observational cohort study of ACS survivors,ACS
articles.A-B,BMC_Cardiovasc_Disord,BMC_Cardiovasc_Disord_2005_Jul_11_5_21.nxml,Spatial variation in the management and outcomes of acute coronary syndrome,ACS
articles.A-B,BMC_Cardiovasc_Disord,BMC_Cardiovasc_Disord_2008_Apr_15_8_8.nxml,Heart-type Fatty acid-binding protein in Acute Myocardial infarction Evaluation (FAME): Background and design of a diagnostic study in primary care,ACS
articles.A-B,BMC_Cardiovasc_Disord,BMC_Cardiovasc_Disord_2011_Sep_29_11_57.nxml,B-type natriuretic peptide and high sensitive C-reactive protein predict 2-year all cause mortality in chest pain patients: a prospective observational study from Salta  Argentina,ACS
articles.A-B,BMC_Cardiovasc_Disord,BMC_Cardiovasc_Disord_2014_Feb_18_14_21.nxml,Duration of dual antiplatelet therapy following percutaneous coronary intervention on re-hospitalization for acute coronary syndrome,ACS
articles.A-B,BMC_Cardiovasc_Disord,BMC_Cardiovasc_Disord_2011_Jul_9_11_42.nxml,Recent hospitalization for Non-coronary events and use of preventive medications for coronary artery disease: An observational cohort study,ACS
articles.A-B,BMC_Cardiovasc_Disord,BMC_Cardiovasc_Disord_2012_Aug_16_12_64.nxml,Immediate and one-year outcome of patients presenting with Acute Coronary Syndrome complicated by stroke: Findings from the 2 nd Gulf Registry of Acute Coronary Events (Gulf RACE-2),ACS
articles.A-B,BMC_Cardiovasc_Disord,BMC_Cardiovasc_Disord_2010_Mar_12_10_13.nxml,Pre-hospital ECG for acute coronary syndrome in urban India: A cost-effectiveness analysis,ACS
articles.A-B,BMC_Cardiovasc_Disord,BMC_Cardiovasc_Disord_2013_Feb_28_13_12.nxml,Circulating cardio-enriched microRNAs are associated with long-term prognosis following myocardial infarction,ACS
articles.A-B,BMC_Cardiovasc_Disord,BMC_Cardiovasc_Disord_2011_Feb_25_11_8.nxml,A randomised  feasibility trial of a tele-health intervention for Acute Coronary Syndrome patients with depression ('MoodCare'): Study protocol,ACS
articles.A-B,BMC_Chem_Biol,BMC_Chem_Biol_2007_Jul_3_7_2.nxml,Enhancement of intracellular -tocopherol levels in cytokine-stimulated C3H 10T1/2 fibroblasts: relation to NO synthesis  isoprostane formation  and tocopherol oxidation,American Cancer Society,CN-158
articles.A-B,Breast_Cancer_(Auckl),Breast_Cancer_(Auckl)_2011_Feb_15_5_15-25.nxml,Validation of Stereophotogrammetry of the Human Torso,American Cancer Society,RSGPB-09-157-01-CPPB
articles.A-B,Breast_Cancer_(Auckl),Breast_Cancer_(Auckl)_2011_Jun_1_5_117-130.nxml,The Relationship between Visuospatial Memory and Coping Strategies in Breast Cancer Survivors,American Cancer Society
articles.A-B,Breast_Cancer_(Auckl),Breast_Cancer_(Auckl)_2011_Jun_9_5_131-142.nxml,3D Symmetry Measure Invariant to Subject Pose During Image Acquisition,American Cancer Society,RSGPB-09-157-01-CPPB
articles.A-B,Breast_Cancer_(Auckl),Breast_Cancer_(Auckl)_2010_May_24_4_43-48.nxml,Apolipoprotein E Allelic Frequency Altered in Women with Early-onset Breast Cancer,American Cancer Society
articles.A-B,Am_J_Epidemiol,Am_J_Epidemiol_2012_May_1_175(9)_859-866.nxml,New Models for Large Prospective Studies: Is There a Better Way?,American Cancer Society
articles.A-B,Am_J_Epidemiol,Am_J_Epidemiol_2010_Jul_1_172(1)_58-69.nxml,Circulating 25-Hydroxyvitamin D and Risk of Non-Hodgkin Lymphoma Cohort Consortium Vitamin D Pooling Project of Rarer Cancers,American Cancer Society,
articles.A-B,Am_J_Epidemiol,Am_J_Epidemiol_2010_Jul_1_172(1)_70-80.nxml,Circulating 25-Hydroxyvitamin D and Risk of Epithelial Ovarian Cancer Cohort Consortium Vitamin D Pooling Project of Rarer Cancers,American Cancer Society,
articles.A-B,Am_J_Epidemiol,Am_J_Epidemiol_2010_Jul_1_172(1)_4-9.nxml,Overview of the Cohort Consortium Vitamin D Pooling Project of Rarer Cancers,American Cancer Society,
articles.A-B,Am_J_Epidemiol,Am_J_Epidemiol_2010_Jul_1_172(1)_10-20.nxml,Circulating 25-Hydroxyvitamin D and the Risk of Rarer Cancers: Design and Methods of the Cohort Consortium Vitamin D Pooling Project of Rarer Cancers,American Cancer Society,
articles.A-B,Am_J_Epidemiol,Am_J_Epidemiol_2010_Jul_1_172(1)_36-46.nxml,Circulating 25-Hydroxyvitamin D and Risk of Endometrial Cancer Cohort Consortium Vitamin D Pooling Project of Rarer Cancers,American Cancer Society,
articles.A-B,Am_J_Epidemiol,Am_J_Epidemiol_2010_Jul_1_172(1)_47-57.nxml,Circulating 25-Hydroxyvitamin D and Risk of Kidney Cancer Cohort Consortium Vitamin D Pooling Project of Rarer Cancers,American Cancer Society,
articles.A-B,Am_J_Epidemiol,Am_J_Epidemiol_2010_Jul_1_172(1)_81-93.nxml,Circulating 25-Hydroxyvitamin D and Risk of Pancreatic Cancer Cohort Consortium Vitamin D Pooling Project of Rarer Cancers,American Cancer Society,
articles.A-B,Am_J_Epidemiol,Am_J_Epidemiol_2010_Jul_1_172(1)_94-106.nxml,Circulating 25-Hydroxyvitamin D and Risk of Esophageal and Gastric Cancer Cohort Consortium Vitamin D Pooling Project of Rarer Cancers,American Cancer Society,
articles.A-B,Am_J_Epidemiol,Am_J_Epidemiol_2010_Jul_1_172(1)_21-35.nxml,Correlates of Circulating 25-Hydroxyvitamin D Cohort Consortium Vitamin D Pooling Project of Rarer Cancers,American Cancer Society,
articles.A-B,BMC_Nephrol,BMC_Nephrol_2014_May_9_15_78.nxml,Impact of renal dysfunction on long-term outcomes of elderly patients with acute coronary syndrome: a longitudinal  prospective observational study,ACS
articles.A-B,BMC_Nephrol,BMC_Nephrol_2014_Apr_23_15_66.nxml,Impact of impaired glomerular filtration rate and revascularization strategy on one-year cardiovascular events in acute coronary syndrome: data from Taiwan acute coronary syndrome full spectrum registry,ACS
articles.A-B,BMC_Nephrol,BMC_Nephrol_2013_May_20_14_107.nxml,Chronic kidney disease is associated with adverse outcomes among elderly patients taking clopidogrel after hospitalization for acute coronary syndrome,ACS
articles.A-B,Adv_Urol,Adv_Urol_2012_Aug_10_2012_142135.nxml,Muscle Invasive Bladder Cancer: From Diagnosis to Survivorship,American Cancer Society,MRSG-11-103-01-CPPB
articles.A-B,BMC_Geriatr,BMC_Geriatr_2006_Aug_3_6_10.nxml,Older adults' attitudes about continuing cancer screening later in life: a pilot study interviewing residents of two continuing care communities,American Cancer Society
articles.A-B,BMC_Geriatr,BMC_Geriatr_2014_Mar_20_14_35.nxml,Emergency department visits and hospitalizations by tube-fed nursing home residents with varying degrees of cognitive impairment: a national study,ACS
articles.A-B,Br_J_Cancer,Br_J_Cancer_2010_Jun_8_102(12)_1724-1730.nxml,Recovery of phospho-ERK activity allows melanoma cells to escape from BRAF inhibitor therapy,American Cancer Society
articles.A-B,Br_J_Cancer,Br_J_Cancer_2011_Jul_26_105(3)_329-336.nxml,Oncogenic AKTivation of translation as a therapeutic target Blocking aberrant translational control as a novel therapeutic target,American Cancer Society
articles.A-B,Br_J_Cancer,Br_J_Cancer_2011_May_10_104(10)_1575-1586.nxml,Targeting GLI1 expression in human inflammatory breast cancer cells enhances apoptosis and attenuates migration Targeting GLI1 in inflammatory breast cancer,American Cancer Society,RSG-08-290-01-CCE
articles.A-B,Br_J_Cancer,Br_J_Cancer_2012_May_22_106(11)_1833-1841.nxml,Interleukin-8 and its receptor CXCR2 in the tumour microenvironment promote colon cancer growth  progression and metastasis Effect of IL-8 on microenvironment on colon cancer growth,American Cancer Society,
articles.A-B,Br_J_Cancer,Br_J_Cancer_2012_Jan_31_106(3)_429-435.nxml,The DNA damage response in viral-induced cellular transformation DNA damage response to tumour viruses,American Cancer Society
articles.A-B,Br_J_Cancer,Br_J_Cancer_2010_Oct_12_103(8)_1297-1304.nxml,1 H nuclear magnetic resonance spectroscopy characterisation of metabolic phenotypes in the medulloblastoma of the SMO transgenic mice Magnetic resonance spectroscopy of a mouse medulloblastoma,American Cancer Society,IRG-82-003-22
articles.A-B,Br_J_Cancer,Br_J_Cancer_2007_May_21_96(10)_1579-1586.nxml,WTH3 is a direct target of the p53 protein,American Cancer Society,RSG-03-137-01-CDD
articles.A-B,Br_J_Cancer,Br_J_Cancer_2008_Nov_4_99(9)_1415-1425.nxml,Targeting ErbB2 and ErbB3 with a bispecific single-chain Fv enhances targeting selectivity and induces a therapeutic effect in vitro,American Cancer Society,MRSG-08-018-01-CDD
articles.A-B,Br_J_Cancer,Br_J_Cancer_2005_Apr_25_92(8)_1581-1587.nxml,Gastrin stabilises  -catenin protein in mouse colorectal cancer cells,ACS
articles.A-B,Br_J_Cancer,Br_J_Cancer_2006_Feb_27_94(4)_455-459.nxml,Mutation of the PIK3CA oncogene in human cancers,American Cancer Society,IRG-58-005-41
articles.A-B,Br_J_Cancer,Br_J_Cancer_2002_Aug_12_87(4)_449-456.nxml,Molecular classification of selective oestrogen receptor modulators on the basis of gene expression profiles of breast cancer cells expressing oestrogen receptor ,American Cancer Society
articles.A-B,Br_J_Cancer,Br_J_Cancer_2008_Jul_22_99(2)_245-252.nxml,Mutations in the LKB1 tumour suppressor are frequently detected in tumours from Caucasian but not Asian lung cancer patients,American Cancer Society,RSG-06-102-01-CCE
articles.A-B,Br_J_Cancer,Br_J_Cancer_2006_Aug_21_95(4)_425-430.nxml,Differential proteomic alterations between localised and metastatic prostate cancer,American Cancer Society,RSG-02-179-MGO to AMC
articles.A-B,Br_J_Cancer,Br_J_Cancer_2004_Nov_29_91(11)_1893-1901.nxml,Quantifying trade-offs: quality of life and quality-adjusted survival in a randomised trial of chemotherapy in postmenopausal patients with lymph node-negative breast cancer,American Cancer Society,RPG-90-013-08-PBP
articles.A-B,Br_J_Cancer,Br_J_Cancer_2003_Mar_10_88(5)_754-759.nxml,p53 protein regulates the effects of amifostine on apoptosis  cell cycle progression  and cytoprotection,American Cancer Society
articles.A-B,Br_J_Cancer,Br_J_Cancer_2008_Oct_7_99(7)_995-999.nxml,Can weight loss prevent cancer?,American Cancer Society
articles.A-B,Br_J_Cancer,Br_J_Cancer_1996_Jun_73(12)_1576-1580.nxml,Prospective randomised trial of two dose levels of megestrol acetate in the management of anorexia-cachexia syndrome in patients with metastatic cancer.,ACS
articles.A-B,Br_J_Cancer,Br_J_Cancer_2006_May_8_94(9)_1311-1319.nxml,The  2  1 integrin mediates the malignant phenotype on type I collagen in pancreatic cancer cell lines,American Cancer Society,RSG-05-037-01-CCE
articles.A-B,Br_J_Cancer,Br_J_Cancer_2006_Jan_30_94(2)_184-188.nxml,Nuclear EGFR signalling network in cancers: linking EGFR pathway to cell cycle progression  nitric oxide pathway and patient survival,American Cancer Society,PF-05-175-01-TBE
articles.A-B,Br_J_Cancer,Br_J_Cancer_2004_Nov_1_91(9)_1678-1686.nxml,Mutant  wild type  or overall p53 expression: freedom from clinical progression in tumours of astrocytic lineage,American Cancer Society
articles.A-B,Br_J_Cancer,Br_J_Cancer_2002_Jul_29_87(3)_294-300.nxml,Heritable breast cancer in twins,American Cancer Society
articles.A-B,Br_J_Cancer,Br_J_Cancer_2008_Jul_8_99(1)_118-125.nxml,Attenuated p53 activation in tumour-associated stromal cells accompanies decreased sensitivity to etoposide and vincristine,American Cancer Society
articles.A-B,Br_J_Cancer,Br_J_Cancer_2013_Mar_5_108(4)_755-761.nxml,Matricellular proteins: priming the tumour microenvironment for cancer development and metastasis Matricellular proteins,American Cancer Society,RP-10-033-01-CCE
articles.A-B,Br_J_Cancer,Br_J_Cancer_2012_Jan_17_106(2)_254-261.nxml,Genetic and proteomic approaches to identify cancer drug targets Drug target identification,American Cancer Society
articles.A-B,Br_J_Cancer,Br_J_Cancer_2004_Feb_23_90(4)_853-859.nxml,Tumour necrosis factor and PI3-kinase control oestrogen receptor alpha protein level and its transrepression function,American Cancer Society,RPG-00-122-01-TBE
articles.A-B,Br_J_Cancer,Br_J_Cancer_2007_Dec_17_97(12)_1606-1612.nxml,Predictors of survival after hepatic resection among patients with colorectal liver metastasis,American Cancer Society,RSGT-01-024-04-CPHPS
articles.A-B,Br_J_Cancer,Br_J_Cancer_2006_Dec_4_95(11)_1579-1581.nxml,Stressful life events and cancer risk,American Cancer Society
articles.A-B,Br_J_Cancer,Br_J_Cancer_2012_Oct_23_107(9)_1618-1623.nxml,Hookah smoking  nass chewing  and oesophageal squamous cell carcinoma in Kashmir  India Hookah smoking  nass use  and ESCC,American Cancer Society
articles.A-B,Br_J_Cancer,Br_J_Cancer_2013_Dec_10_109(12)_3014-3022.nxml,Human fucosyltransferase 6 enables prostate cancer metastasis to bone Induction of bone metastasis in mouse PCa by FT,American Cancer Society
articles.A-B,Br_J_Cancer,Br_J_Cancer_2005_Jul_11_93(1)_46-53.nxml,Phase I study of pegylated liposomal doxorubicin and the multidrug-resistance modulator  valspodar,American Cancer Society,
articles.A-B,Br_J_Cancer,Br_J_Cancer_2007_Mar_26_96(6)_993-1000.nxml,Overexpression of HMGA1 promotes anoikis resistance and constitutive Akt activation in pancreatic adenocarcinoma cells,American Cancer Society
articles.A-B,Br_J_Cancer,Br_J_Cancer_2009_Dec_1_101(11)_1813-1816.nxml,Circulating tumour cells are associated with increased risk of venous thromboembolism in metastatic breast cancer patients,American Cancer Society
articles.A-B,Br_J_Cancer,Br_J_Cancer_2011_Mar_1_104(5)_882-885.nxml,Physical activity and risk of colon adenoma: a meta-analysis Physical activity and colon adenoma,American Cancer Society
articles.A-B,Br_J_Cancer,Br_J_Cancer_2009_Apr_7_100(7)_1154-1164.nxml,Combination of adenoviral virotherapy and temozolomide chemotherapy eradicates malignant glioma through autophagic and apoptotic cell death in vivo,American Cancer Society,RSG-07-276-01-MGO
articles.A-B,Br_J_Cancer,Br_J_Cancer_2004_Jul_5_91(1)_99-105.nxml,Circulating enterolactone and risk of breast cancer: a prospective study in New York,American Cancer Society,RPG-98-333-01-CCE
articles.A-B,Br_J_Cancer,Br_J_Cancer_2004_Apr_19_90(8)_1612-1619.nxml,Correlation of amplification and overexpression of the c- myc oncogene in high-grade breast cancer: FISH  in situ hybridisation and immunohistochemical analyses,ACS
articles.A-B,Br_J_Cancer,Br_J_Cancer_2002_Jul_1_87(1)_65-69.nxml,Quantification of the effect of mammographic screening on fatal breast cancers: The Florence Programme 199096,American Cancer Society
articles.A-B,Br_J_Cancer,Br_J_Cancer_2008_Apr_8_98(7)_1197-1203.nxml,Variability in chemotherapy delivery for elderly women with advanced stage ovarian cancer and its impact on survival,American Cancer Society,RSGT-01-024-04-CPHPS
articles.A-B,Br_J_Cancer,Br_J_Cancer_2012_Jan_17_106(2)_333-343.nxml,Indole-3-carbinol synergistically sensitises ovarian cancer cells to bortezomib treatment I3C sensitises ovarian cancer cells to bortezomib,American Cancer Society,RSG-10-252-01-TBG
articles.A-B,Br_J_Cancer,Br_J_Cancer_2007_Jan_15_96(1)_151-156.nxml,A prospective study of postmenopausal hormone use and ovarian cancer risk,American Cancer Society
articles.A-B,Br_J_Cancer,Br_J_Cancer_2007_Aug_6_97(3)_368-377.nxml,Downstream signalling and specific inhibition of c-MET/HGF pathway in small cell lung cancer: implications for tumour invasion,American Cancer Society
articles.A-B,Blood_Cancer_J,Blood_Cancer_J_2011_Sep_2_1(9)_e34.nxml,Selective targeting of the mTORC1/2 protein kinase complexes leads to antileukemic effects in vitro and in vivo  Inhibiting the mammalian target of rapamycin in leukemia,American Cancer Society
articles.A-B,Blood_Cancer_J,Blood_Cancer_J_2013_Nov_1_3(11)_e156.nxml,A novel rapid-onset high-penetrance plasmacytoma mouse model driven by deregulation of cMYC cooperating with KRAS12V in BALB/c mice Rapid-onset high-penetrance plasmacytoma mouse model,American Cancer Society
articles.A-B,Appl_Clin_Genet,Appl_Clin_Genet_2014_May_12_7_81-91.nxml,Influence of oncogenic transcription factors on chromatin conformation and implications in prostate cancer,American Cancer Society,RSG-12-085-01
articles.A-B,BMC_Evol_Biol,BMC_Evol_Biol_2009_Jun_5_9_128.nxml,Stepwise evolution of two giant composite LTR-retrotransposon-like elements DA and Xiao,American Cancer Society
articles.A-B,BMC_Evol_Biol,BMC_Evol_Biol_2007_May_2_7_69.nxml,Adaptive evolution of multiple-variable exons and structural diversity of drug-metabolizing enzymes,American Cancer Society
articles.A-B,Adv_Virol,Adv_Virol_2011_Oct_24_2011_940210.nxml,Endogenous Murine Leukemia Viruses: Relationship to XMRV and Related Sequences Detected in Human DNA Samples,American Cancer Society
articles.A-B,Adv_Virol,Adv_Virol_2011_Nov_17_2011_272193.nxml,Nucleic Acid  Antibody  and Virus Culture Methods to Detect Xenotropic MLV-Related Virus in Human Blood Samples,American Cancer Society
articles.A-B,Adv_Virol,Adv_Virol_2011_Nov_21_2011_268214.nxml,Prevalence of XMRV Nucleic Acid and Antibody in HIV-1-Infected Men and in Men at Risk for HIV-1 Infection,American Cancer Society
articles.A-B,Bone_Marrow_Transplant,Bone_Marrow_Transplant_2012_Feb_21_47(2)_283-290.nxml,Health Behaviors and Cancer Screening Practices in Long-term Survivors of Hematopoietic Cell Transplantation (HCT): A Report from the Bone Marrow Transplant Survivor Study (BMTSS),American Cancer Society
articles.A-B,Bone_Marrow_Transplant,Bone_Marrow_Transplant_2013_Aug_18_48(8)_1117-1122.nxml,Incident hyperglycemia  parenteral nutrition administration and adverse outcomes in patients with myeloma admitted for initial autologous stem cell transplant,,RSG-04-218-01-CCE
articles.A-B,Bone_Marrow_Transplant,Bone_Marrow_Transplant_2012_Jun_26_47(6)_799-803.nxml,Factors Predicting Single-Unit Predominance after Double Umbilical Cord Blood Transplantation,American Cancer Society
articles.A-B,Acta_Biotheor,Acta_Biotheor_2012_Sep_29_60(3)_303-317.nxml,Derivation of a Floquet Formalism within a Natural Framework,,BO-08-010-02
articles.A-B,BMC_Emerg_Med,BMC_Emerg_Med_2005_Aug_25_5_6.nxml,Which diagnostic tests are most useful in a chest pain unit protocol?,ACS
articles.A-B,BMC_Emerg_Med,BMC_Emerg_Med_2014_Apr_17_14_9.nxml,What decides the suspicion of acute coronary syndrome in acute chest pain patients?,ACS
articles.A-B,BMC_Emerg_Med,BMC_Emerg_Med_2009_Jun_19_9_12.nxml,Negative predictive value and potential cost savings of acute nuclear myocardial perfusion imaging in low risk patients with suspected acute coronary syndrome: A prospective single blinded study,ACS
articles.A-B,BMC_Emerg_Med,BMC_Emerg_Med_2002_Oct_3_2_1.nxml,Patients with suspected acute coronary syndrome in a university hospital emergency department: an observational study,ACS
articles.A-B,BMC_Emerg_Med,BMC_Emerg_Med_2006_May_4_6_6.nxml,Direct hospital costs of chest pain patients attending the emergency department: a retrospective study,ACS
articles.A-B,Arch_Med_Sci,Arch_Med_Sci_2013_Dec_30_9(6)_1035-1039.nxml,Expression analysis of intercellular adhesion molecule-2 (ICAM-2) in the context of classical cardiovascular risk factors in acute coronary syndrome patients,ACS
articles.A-B,Arch_Med_Sci,Arch_Med_Sci_2010_Aug_30_6(4)_526-532.nxml,Changes in transforming growth factor  and its receptors mRNA expression in monocytes from patients with acute coronary syndromes,ACS
articles.A-B,Arch_Med_Sci,Arch_Med_Sci_2011_Jun_11_7(3)_433-439.nxml,Effect of atorvastatin therapy on borderline vulnerable lesions in patients with acute coronary syndrome,ACS
articles.A-B,Arch_Med_Sci,Arch_Med_Sci_2010_Apr_30_6(2)_168-175.nxml,Asymmetrical dimethylarginine and severity of erectile dysfunction and their impact on cardiovascular events in patients with acute coronary syndrome,ACS
articles.A-B,Arch_Med_Sci,Arch_Med_Sci_2012_Jul_4_8(3)_449-454.nxml,Is plasma urotensin II concentration an indicator of myocardial damage in patients with acute coronary syndrome?,ACS
articles.A-B,Arch_Med_Sci,Arch_Med_Sci_2013_Feb_21_9(1)_14-20.nxml,Examination of serum pregnancy-associated plasma protein A clinical value in acute coronary syndrome prediction and monitoring,ACS
articles.A-B,Arch_Med_Sci,Arch_Med_Sci_2011_Dec_31_7(6)_977-983.nxml,Influence of concomitant heparin administration on pregnancy-associated plasma protein-A levels in acute coronary syndrome with ST segment elevation,ACS
articles.A-B,Arch_Med_Sci,Arch_Med_Sci_2014_Feb_24_10(1)_33-38.nxml,Quality of life (QOL) evaluation after acute coronary syndrome with simultaneous clopidogrel treatment,ACS
articles.A-B,Anal_Bioanal_Chem,Anal_Bioanal_Chem_2012_Jul_5_403(10)_2891-2908.nxml,Qualitative aspects and validation of a screening method for pesticides in vegetables and fruits based on liquid chromatography coupled to full scan high resolution (Orbitrap) mass spectrometry,,WOT-02-001-01
articles.A-B,Anal_Bioanal_Chem,Anal_Bioanal_Chem_2011_Aug_18_401(3)_873-882.nxml,Recombinant cell bioassays for the detection of (gluco)corticosteroids and endocrine-disrupting potencies of several environmental PCB contaminants,,WOT-02-003-03
articles.A-B,Bioarchitecture,Bioarchitecture_2011_Nov_1_1(6)_257-260.nxml,Regulation of lysosomal secretion by cortactin drives fibronectin deposition and cell motility,ACS
articles.A-B,BMC_Immunol,BMC_Immunol_2002_Oct_18_3_14.nxml,Increased production of pro-inflammatory cytokines and enhanced T cell responses after activation of human dendritic cells with IL-1 and CD40 ligand,American Cancer Society,RPG-98-183-01
articles.A-B,BMC_Immunol,BMC_Immunol_2005_Feb_4_6_3.nxml,Human CD57 + germinal center-T cells are the major helpers for GC-B cells and induce class switch recombination,American Cancer Society,IRG-58-006-44
articles.A-B,BMC_Immunol,BMC_Immunol_2005_Jun_21_6_12.nxml,Modulation of p53 activity by IB: Evidence suggesting a common phylogeny between NF-B and p53 transcription factors,American Cancer Society,
articles.A-B,BMC_Immunol,BMC_Immunol_2001_Sep_11_2_9.nxml,Improvements to parallel plate flow chambers to reduce reagent and cellular requirements,American Cancer Society,RPG-00-096-01
articles.A-B,BMC_Immunol,BMC_Immunol_2009_Feb_18_10_11.nxml,Dynamics of central and peripheral immunomodulation in a murine glioma model,American Cancer Society,
articles.A-B,Ann_Thorac_Med,Ann_Thorac_Med_2007_Oct-Dec_2(4)_158-162.nxml,Sickle cell disease patients in eastern province of Saudi Arabia suffer less severe acute chest syndrome than patients with African haplotypes,ACS
articles.A-B,Autophagy,Autophagy_2013_May_1_9(5)_789-790.nxml,Angiogenic growth factor axis in autophagy regulation,American Cancer Society,RSG-070944-01-CSM  K.D.
articles.A-B,BMC_Genet,BMC_Genet_2005_Dec_30_6(Suppl_1)_S33.nxml,Application of the propensity score in a covariate-based linkage analysis of the Collaborative Study on the Genetics of Alcoholism,American Cancer Society,IRG-58-005-40
articles.A-B,BMC_Genet,BMC_Genet_2008_Aug_29_9_58.nxml,In search of causal variants: refining disease association signals using cross-population contrasts,American Cancer Society,IRG-58-010-50
articles.A-B,BMC_Med_Genet,BMC_Med_Genet_2008_Jul_30_9_74.nxml,R497K polymorphism in epidermal growth factor receptor gene is associated with the risk of acute coronary syndrome,ACS
articles.A-B,BMC_Med_Genet,BMC_Med_Genet_2009_Jun_7_10_52.nxml,PPAR Pro 12 Ala polymorphism and risk of acute coronary syndrome in a prospective study of Danes,ACS
articles.A-B,BMC_Med_Genet,BMC_Med_Genet_2008_Jul_12_9_66.nxml,Investigation of 89 candidate gene variants for effects on all-cause mortality following acute coronary syndrome,ACS
articles.A-B,BMC_Med_Genet,BMC_Med_Genet_2012_Nov_8_13_103.nxml,Association of soluble endothelial protein C receptor plasma levels and PROCR rs867186 with cardiovascular risk factors and cardiovascular events in coronary artery disease patients: The Athero Gene Study,ACS
articles.A-B,BMC_Med_Genet,BMC_Med_Genet_2004_Jun_1_5_13.nxml,Elevated white cell count in acute coronary syndromes: relationship to variants in inflammatory and thrombotic genes,ACS
articles.A-B,BMC_Med_Genet,BMC_Med_Genet_2011_Sep_29_12_127.nxml,Investigation of 95 variants identified in a genome-wide study for association with mortality after acute coronary syndrome,ACS
articles.A-B,Arthritis_Res_Ther,Arthritis_Res_Ther_2003_May_23_5(4)_R226-R233.nxml,DEK binding to class II MHC Y-box sequences is gene- and allele-specific,American Cancer Society,
articles.A-B,Arthritis_Res_Ther,Arthritis_Res_Ther_2010_Jun_10_12(3)_R114.nxml,Cytokine profile of autologous conditioned serum for treatment of osteoarthritis  in vitro effects on cartilage metabolism and intra-articular levels after injection,ACS
articles.A-B,Arthritis_Res_Ther,Arthritis_Res_Ther_2014_Mar_21_16(2)_R77.nxml,Blood-brain barrier damages and intrathecal synthesis of anti-N-methyl-D-aspartate receptor NR2 antibodies in diffuse psychiatric/neuropsychological syndromes in systemic lupus erythematosus,ACS
articles.A-B,BMJ_Open,BMJ_Open_2012_Feb_3_2(1)_e000551.nxml,Anaemia and the development of depressive symptoms following acute coronary syndrome: longitudinal clinical observational study Anaemia and depression following ACS,ACS
articles.A-B,BMJ_Open,BMJ_Open_2014_Feb_21_4(2)_e004425.nxml,Should patients with acute coronary disease be stratified for management according to their risk? Derivation  external validation and outcomes using the updated GRACE risk score,ACS
articles.A-B,BMJ_Open,BMJ_Open_2013_Apr_23_3(4)_e002559.nxml,Coronary revascularisation in stable patients after an acute coronary syndrome: a propensity analysis of early invasive versus conservative management in a register-based cohort study Coronary revascularisation in acute coronary syndromes,ACS
articles.A-B,BMJ_Open,BMJ_Open_2012_Nov_28_2(6)_e001969.nxml,Does prior coronary artery bypass surgery alter the gender gap in patients presenting with acute coronary syndrome? A 20-year retrospective cohort study Acute coronary syndrome in women with prior coronary artery bypass graft,ACS
articles.A-B,BMJ_Open,BMJ_Open_2013_Nov_14_3(11)_e003725.nxml,Type 1 plasminogen activator inhibitor as a common risk factor for cancer and ischaemic vascular disease: the EPICOR study,ACS
articles.A-B,BMJ_Open,BMJ_Open_2014_Jan_17_4(1)_e003883.nxml,Point-of-care assessment of platelet reactivity in the emergency department may facilitate rapid rule-out of acute coronary syndromes: a prospective cohort pilot feasibility study,ACS
articles.A-B,BMJ_Open,BMJ_Open_2013_Jan_3_3(1)_e002007.nxml,Is secondary preventive care improving? Observational study of 10-year trends in emergency admissions for conditions amenable to ambulatory care Is secondary preventive care improving?,ACS
articles.A-B,BMJ_Open,BMJ_Open_2013_Jan_3_3(1)_e002155.nxml,Differences between acute myocardial infarction and unstable angina: a longitudinal cohort study reporting findings from the Register of Information and Knowledge about Swedish Heart Intensive Care Admissions (RIKS-HIA) Differences between acute myocardial infarction and unstable angina,ACS
articles.A-B,Aging_(Albany_NY),Aging_(Albany_NY)_2010_Oct_25_2(10)_742-747.nxml,EAK proteins: novel conserved regulators of C. elegans lifespan,American Cancer Society
articles.A-B,Aging_(Albany_NY),Aging_(Albany_NY)_2009_Jun_3_1(6)_515-528.nxml,Inhibition of mammalian S6 kinase by resveratrol suppresses autophagy Resveratrol suppresses S6K1 dependent autophagy,American Cancer Society
articles.A-B,Aging_(Albany_NY),Aging_(Albany_NY)_2009_Sep_10_1(9)_803-817.nxml,The mRNA decay factor tristetraprolin (TTP) induces senescence in human             papillomavirus-transformed cervical cancer cells by targeting E6-AP ubiquitin             ligase TTP-mediated induction of senescence,American Cancer Society,RSG-06-122-01-CNE
articles.A-B,Aging_(Albany_NY),Aging_(Albany_NY)_2010_Jun_13_2(6)_369-374.nxml,Sestrins at the crossroad between stress and aging,American Cancer Society
articles.A-B,Aging_(Albany_NY),Aging_(Albany_NY)_2009_Feb_13_1(2)_182-190.nxml,Chromatin modifications: The driving force of senescence and aging? The contribution of chromatin modifiers to the aging phenotype,American Cancer Society
articles.A-B,Aging_(Albany_NY),Aging_(Albany_NY)_2012_Dec_13_4(12)_917-922.nxml,Ribonucleotide reductase and thymidylate synthase or exogenous deoxyribonucleosides reduce DNA damage and senescence caused by C-MYC depletion,American Cancer Society,RSG-10-121-01
articles.A-B,Aging_(Albany_NY),Aging_(Albany_NY)_2014_Feb_16_6(2)_118-130.nxml,Age-dependent changes in mitochondrial morphology and volume are not predictors of lifespan,American Cancer Society,RSG-06-110-01
articles.A-B,Aging_(Albany_NY),Aging_(Albany_NY)_2010_Mar_31_2(4)_185-199.nxml,Transcriptional evidence for the "Reverse Warburg Effect" in human             breast cancer tumor stroma and metastasis: Similarities with oxidative stress              inflammation  Alzheimer's disease  and "Neuron-Glia Metabolic Coupling" The "Reverse Warburg Effect" in human breast cancer tumor stroma,American Cancer Society,
articles.A-B,Aging_(Albany_NY),Aging_(Albany_NY)_2009_Oct_21_1(10)_866-869.nxml,TAp63: The fountain of youth TAp63 prevents premature aging,American Cancer Society,RSG-07-082-01-MGO
articles.A-B,Biomark_Insights,Biomark_Insights_2008_Nov_5_3_453-468.nxml,Biomarkers in Acute Coronary Syndrome,ACS
articles.A-B,Biochem_Med_(Zagreb),Biochem_Med_(Zagreb)_2012_Jun_15_22(2)_225-236.nxml,Diagnostic accuracy of heart fatty acid binding protein (H-FABP) and glycogen phosphorylase isoenzyme BB (GPBB) in diagnosis of acute myocardial infarction in patients with acute coronary syndrome,ACS
articles.A-B,BMC_Bioinformatics,BMC_Bioinformatics_2004_Dec_7_5_190.nxml,A two-way interface between limited Systems Biology Markup Language and R,American Cancer Society,IRG-91-022-09
articles.A-B,BMC_Bioinformatics,BMC_Bioinformatics_2004_Nov_12_5_177.nxml,Calibration and assessment of channel-specific biases in microarray data with extended dynamical range,American Cancer Society
articles.A-B,BMC_Bioinformatics,BMC_Bioinformatics_2003_Nov_7_4_56.nxml,PathMAPA: a tool for displaying gene expression and performing statistical tests on metabolic pathways at multiple levels for Arabidopsis,ACS
articles.A-B,BMC_Bioinformatics,BMC_Bioinformatics_2005_Jan_17_6_9.nxml,GATA: a graphic alignment tool for comparative sequence analysis,American Cancer Society
articles.A-B,BMC_Bioinformatics,BMC_Bioinformatics_2007_Sep_24_8_359.nxml,Differential analysis for high density tiling microarray data,American Cancer Society,PF-05-048-01-GMC
articles.A-B,BMC_Bioinformatics,BMC_Bioinformatics_2010_Jan_27_11_57.nxml,Genome scale prediction of substrate specificity for acyl adenylate superfamily of enzymes based on active site residue profiles,ACS
articles.A-B,BMC_Bioinformatics,BMC_Bioinformatics_2005_Jul_22_6_187.nxml,Rank-invariant resampling based estimation of false discovery rate for analysis of small sample microarray data,American Cancer Society,RSG-02-182-01-MGO
articles.A-B,BMC_Bioinformatics,BMC_Bioinformatics_2006_Jan_4_7_1.nxml,Fast-Find: A novel computational approach to analyzing combinatorial motifs,American Cancer Society
articles.A-B,BMC_Bioinformatics,BMC_Bioinformatics_2008_Sep_12_9_372.nxml,Computational detection of significant variation in binding affinity across two sets of sequences with application to the analysis of replication origins in yeast,ACS
articles.A-B,BMC_Bioinformatics,BMC_Bioinformatics_2007_Jul_27_8_272.nxml,A cis-regulatory logic simulator,American Cancer Society,RSG-06-039-01-GMC
articles.A-B,BMC_Bioinformatics,BMC_Bioinformatics_2009_Feb_20_10_65.nxml,CpG islands or CpG clusters: how to identify functional GC-rich regions in a genome?,American Cancer Society,IRG-73-001-31
articles.A-B,BMC_Bioinformatics,BMC_Bioinformatics_2006_Mar_20_7_163.nxml,PPSP: prediction of PK-specific phosphorylation site with Bayesian decision theory,American Cancer Society,RPG-99-173-01
articles.A-B,BMC_Bioinformatics,BMC_Bioinformatics_2007_Oct_9_8_375.nxml,Computational analysis of the relationship between allergenicity and digestibility of allergenic proteins in simulated gastric fluid,ACS
articles.A-B,BMC_Bioinformatics,BMC_Bioinformatics_2008_Aug_12_9(Suppl_9)_S8.nxml,Systems biology approach to identification of biomarkers for metastatic progression in cancer,American Cancer Society,RSG-04-219-01-CCE
articles.A-B,BMC_Bioinformatics,BMC_Bioinformatics_2006_Oct_5_7_434.nxml,Rank-statistics based enrichment-site prediction algorithm developed for chromatin immunoprecipitation on chip experiments,American Cancer Society,PF-05-048-01-GMC
articles.A-B,BMC_Bioinformatics,BMC_Bioinformatics_2008_Oct_2_9_409.nxml,Normalization of Illumina Infinium whole-genome SNP data improves copy number estimates and allelic intensity ratios,American Cancer Society
articles.A-B,BMC_Bioinformatics,BMC_Bioinformatics_2004_Jul_23_5_99.nxml,Accuracy of cDNA microarray methods to detect small gene expression changes induced by neuregulin on breast epithelial cells,American Cancer Society
articles.A-B,ACS_Nano,ACS_Nano_2014_Jan_28_8(1)_104-112.nxml,Gold-Loaded Polymeric Micelles for Computed Tomography-Guided Radiation Therapy Treatment and Radiosensitization,American Cancer Society,IRG-78-002-33
articles.A-B,BMC_Syst_Biol,BMC_Syst_Biol_2008_Jul_17_2_64.nxml,Integrated modeling and experimental approach for determining transcription factor profiles from fluorescent reporter data,ACS
articles.A-B,BMC_Public_Health,BMC_Public_Health_2007_Apr_17_7_57.nxml,Breast cancer knowledge  attitudes  and screening behaviors among African American women: the Black cosmetologists promoting health program,American Cancer Society
articles.A-B,BMC_Public_Health,BMC_Public_Health_2008_Jan_29_8_41.nxml,The influence of active coping and perceived stress on health disparities in a multi-ethnic low income sample,American Cancer Society
articles.A-B,BMC_Public_Health,BMC_Public_Health_2005_Dec_15_5_135.nxml,Use of a food frequency questionnaire in American Indian and Caucasian pregnant women: a validation study,American Cancer Society
articles.A-B,BMC_Public_Health,BMC_Public_Health_2012_Aug_21_12_685.nxml,Caregiving associated with selected cancer risk behaviors and screening utilization among women: cross-sectional results of the 2009 BRFSS,American Cancer Society
articles.A-B,BMC_Public_Health,BMC_Public_Health_2001_Aug_13_1_7.nxml,Korean women: breast cancer knowledge  attitudes and behaviors,American Cancer Society
articles.A-B,BMC_Public_Health,BMC_Public_Health_2005_Jun_6_5_63.nxml,Improving the Deaf community's access to prostate and testicular cancer information: a survey study,American Cancer Society
articles.A-B,BMC_Public_Health,BMC_Public_Health_2003_Aug_15_3_27.nxml,Filipina American women's breast cancer knowledge  attitudes  and screening behaviors,American Cancer Society
articles.A-B,BMC_Public_Health,BMC_Public_Health_2002_May_24_2_9.nxml,The association between secondhand smoke and the risk of developing acute coronary syndromes  among non-smokers  under the presence of several cardiovascular risk factors: The CARDIO2000 case-control study,ACS
articles.A-B,BMC_Public_Health,BMC_Public_Health_2008_Mar_10_8_87.nxml,Analysis of oral cancer epidemiology in the US reveals state-specific trends: implications for oral cancer prevention,American Cancer Society
articles.A-B,BMC_Public_Health,BMC_Public_Health_2012_Apr_26_12_306.nxml,Pathways to catastrophic health expenditure for acute coronary syndrome in Kerala: Good health at low cost?,ACS
articles.A-B,BMC_Public_Health,BMC_Public_Health_2004_Dec_15_4_62.nxml,Colorectal cancer screening among African American church members: A qualitative and quantitative study of patient-provider communication,American Cancer Society,RPG-97-141-01-PBP
articles.A-B,BMC_Health_Serv_Res,BMC_Health_Serv_Res_2011_Oct_12_11_265.nxml,Community based service providers' perspectives on frequent and/or avoidable admission of older people with chronic disease in rural NSW: a qualitative study,ACS
articles.A-B,BMC_Health_Serv_Res,BMC_Health_Serv_Res_2009_Jul_31_9_134.nxml,Association between community health center and rural health clinic presence and county-level hospitalization rates for ambulatory care sensitive conditions: an analysis across eight US states,ACS
articles.A-B,BMC_Health_Serv_Res,BMC_Health_Serv_Res_2009_Jun_6_9_92.nxml,External validation of a claims-based algorithm for classifying kidney-cancer surgeries,American Cancer Society,PF CPHPS-112124
articles.A-B,BMC_Health_Serv_Res,BMC_Health_Serv_Res_2012_Oct_30_12_373.nxml,Frequent hospital admission of older people with chronic disease: a cross-sectional survey with telephone follow-up and data linkage,ACS
articles.A-B,BMC_Health_Serv_Res,BMC_Health_Serv_Res_2011_Nov_24_11_324.nxml,Economic evaluation of increasing population rates of cardiac catheterization,ACS
articles.A-B,BMC_Health_Serv_Res,BMC_Health_Serv_Res_2011_Feb_14_11_35.nxml,Economic burden of illness of acute coronary syndromes: medical and productivity costs,ACS
articles.A-B,BMC_Health_Serv_Res,BMC_Health_Serv_Res_2007_Sep_18_7_146.nxml,Severe mental illness and mortality of hospitalized ACS patients in the VHA,ACS
articles.A-B,BMC_Health_Serv_Res,BMC_Health_Serv_Res_2010_Sep_23_10_280.nxml,Get screened: a pragmatic randomized controlled trial to increase mammography and colorectal cancer screening in a large  safety net practice,American Cancer Society
articles.A-B,BMC_Health_Serv_Res,BMC_Health_Serv_Res_2008_Apr_16_8_85.nxml,"Concordance between comorbidity data from patient self-report interviews and medical record documentation",ACS
articles.A-B,BMC_Health_Serv_Res,BMC_Health_Serv_Res_2006_Feb_13_6_9.nxml,Impact of briefly-assessed depression on secondary prevention outcomes after acute coronary syndrome: a one-year longitudinal survey,ACS
articles.A-B,BMC_Health_Serv_Res,BMC_Health_Serv_Res_2014_Feb_20_14_80.nxml,Outcomes associated with comorbid atrial fibrillation and heart failure in medicare beneficiaries with acute coronary syndrome,ACS
articles.A-B,BMC_Health_Serv_Res,BMC_Health_Serv_Res_2006_Oct_24_6_140.nxml,Changes in practice patterns affecting in-hospital and post-discharge survival among ACS patients,ACS
articles.A-B,BMC_Health_Serv_Res,BMC_Health_Serv_Res_2012_Mar_26_12_78.nxml,Discrepancies between the medical record and the reports of patients with acute coronary syndrome regarding important aspects of the medical history,ACS
articles.A-B,BMC_Health_Serv_Res,BMC_Health_Serv_Res_2005_Jan_13_5_2.nxml,The association between clinical integration of care and transfer of veterans with acute coronary syndromes from primary care VHA hospitals,ACS
articles.A-B,Acta_Crystallogr_D_Biol_Crystallogr,Acta_Crystallogr_D_Biol_Crystallogr_2013_Dec_1_69(Pt_12)_2555-2562.nxml,Structure of human apurinic/apyrimidinic endonuclease 1 with the essential Mg 2+ cofactor Human apurinic/apyrimidinic endonuclease 1,American Cancer Society,RSG-09-058-01-GMC
articles.A-B,ARYA_Atheroscler,ARYA_Atheroscler_2013_Sep_9(5)_269-273.nxml,Comparison of cardiovascular risk factors and biochemical profile in patients with cardiac syndrome X and obstructive coronary artery disease: A propensity score-matched study,ACS
articles.A-B,Bioinformatics,Bioinformatics_2009_Nov_15_25(22)_2891-2896.nxml,Phenotypic categorization of genetic skin diseases reveals new relations between phenotypes  genes and pathways,American Cancer Society,
articles.A-B,Arch_Microbiol,Arch_Microbiol_2012_Nov_1_194(11)_943-948.nxml,Genome analysis and heterologous expression of acetate-activating enzymes in the anammox bacterium Kuenenia stuttgartiensis,ACS
articles.A-B,Arch_Virol,Arch_Virol_2009_Sep_2_154(9)_1417-1431.nxml,Activation and modulation of antiviral and apoptotic genes in pigs infected with classical swine fever viruses of high  moderate or low virulence,,WOT-01-003-01
articles.A-B,Brain,Brain_2008_May_24_131(5)_1268-1281.nxml,Oculomotor function in frontotemporal lobar degeneration  related disorders and Alzheimer's disease,,AG-03-006-01
articles.A-B,BMC_Cell_Biol,BMC_Cell_Biol_2005_Sep_13_6_34.nxml,Euploidy in somatic cells from R6/2 transgenic Huntington's disease mice,American Cancer Society
articles.A-B,BMC_Cell_Biol,BMC_Cell_Biol_2006_Aug_24_7_32.nxml,The fission yeast DNA structure checkpoint protein Rad26 ATRIP/LCD1/UVSD accumulates in the cytoplasm following microtubule destabilization,American Cancer Society
articles.A-B,BMC_Cell_Biol,BMC_Cell_Biol_2004_May_16_5_20.nxml,Direct interaction between Smad3  APC10  CDH1 and HEF1 in proteasomal degradation of HEF1,American Cancer Society,RSG-01-184-01-TBE
articles.A-B,BMC_Cell_Biol,BMC_Cell_Biol_2005_Mar_22_6_14.nxml,A cell behavior screen: identification  sorting  and enrichment of cells based on motility,American Cancer Society
articles.A-B,BMC_Cell_Biol,BMC_Cell_Biol_2005_Dec_20_6_47.nxml,Characterization of sub-nuclear changes in Caenorhabditis elegans embryos exposed to brief  intermediate and long-term anoxia to analyze anoxia-induced cell cycle arrest,American Cancer Society
articles.A-B,BMC_Cell_Biol,BMC_Cell_Biol_2008_Aug_7_9_44.nxml,Myosin-Vb functions as a dynamic tether for peripheral endocytic compartments during transferrin trafficking,American Cancer Society,
articles.A-B,BMC_Cell_Biol,BMC_Cell_Biol_2006_Jun_23_7_26.nxml,Deciphering protein function during mitosis in PtK cells using RNAi,American Cancer Society
articles.A-B,BMC_Cell_Biol,BMC_Cell_Biol_2001_Jun_1_2_8.nxml,Dimerization of Receptor Protein-Tyrosine Phosphatase alpha in living cells,American Cancer Society
articles.A-B,BMC_Plant_Biol,BMC_Plant_Biol_2004_Dec_30_4_21.nxml,An evaluation of the effects of exogenous ethephon  an ethylene releasing compound  on photosynthesis of mustard ( Brassica juncea ) cultivars that differ in photosynthetic capacity,ACS
articles.A-B,BMC_Plant_Biol,BMC_Plant_Biol_2005_Aug_10_5_14.nxml,Arabidopsis ETO1 specifically interacts with and negatively regulates type 2 1-aminocyclopropane-1-carboxylate synthases,ACS
articles.A-B,BMC_Plant_Biol,BMC_Plant_Biol_2009_Apr_7_9_41.nxml,Removing celiac disease-related gluten proteins from bread wheat while retaining technological properties: a study with Chinese Spring deletion lines,,KB-05-001-01
articles.A-B,BMC_Plant_Biol,BMC_Plant_Biol_2014_Jan_8_14_11.nxml,Tissue specific analysis reveals a differential organization and regulation of both ethylene biosynthesis and E8 during climacteric ripening of tomato,ACS
articles.A-B,BMC_Physiol,BMC_Physiol_2004_Jan_16_4_2.nxml,Exercise increases endostatin in circulation of healthy volunteers,American Cancer Society,IRG-98-275-01
articles.A-B,Biol_Open,Biol_Open_2013_Jul_26_2(9)_924-931.nxml,Robust mitotic entry is ensured by a latching switch,American Cancer Society,PF-12-129-01-CCG
articles.A-B,Biol_Open,Biol_Open_2013_Jan_17_2(3)_295-305.nxml,Mitochondrial NDUFS3 regulates the ROS-mediated onset of metabolic switch in transformed cells,American Cancer Society,RSG-12-144-01-CCE
articles.A-B,Biol_Open,Biol_Open_2012_Sep_28_1(12)_1204-1214.nxml,Sequential phosphorylation of GRASP65 during mitotic Golgi disassembly,American Cancer Society,RGS-09-278-01-CSM
articles.A-B,Breast_Cancer_Res,Breast_Cancer_Res_2004_Sep_22_6(6)_R636-R639.nxml,The progesterone receptor Val660Leu polymorphism and breast cancer risk,American Cancer Society,RSG-00-061-04-CCE
articles.A-B,Breast_Cancer_Res,Breast_Cancer_Res_2009_Apr_24_11(2)_R21.nxml,Interleukin-1beta and fibroblast growth factor receptor 1 cooperate to induce cyclooxygenase-2 during early mammary tumourigenesis,American Cancer Society
articles.A-B,Breast_Cancer_Res,Breast_Cancer_Res_2005_Nov_2_7(6)_R1051-R1057.nxml,Allelic imbalances of chromosomes 8p and 18q and their roles in distant relapse of early stage  node-negative breast cancer,American Cancer Society,RSG CCE-108980 to WZ
articles.A-B,Breast_Cancer_Res,Breast_Cancer_Res_2002_Mar_28_4(3)_123-125.nxml,Mammography and beyond: developing technologies for the early detection of breast cancer,American Cancer Society
articles.A-B,Breast_Cancer_Res,Breast_Cancer_Res_2005_Jul_20_7(5)_198-204.nxml,The Fourth International Symposium on the Intraductal Approach to Breast Cancer  Santa Barbara  California  1013 March 2005,American Cancer Society
articles.A-B,Breast_Cancer_Res,Breast_Cancer_Res_2003_Apr_11_5(4)_181-187.nxml,Nuclear localization and function of polypeptide ligands and their receptors: a new paradigm for hormone specificity within the mammary gland?,American Cancer Society,RPG-00-307-01-TBE
articles.A-B,Breast_Cancer_Res,Breast_Cancer_Res_2008_Jul_3_10(4)_R55.nxml,Risk prediction models with incomplete data with application to prediction of estrogen receptor-positive breast cancer: prospective data from the Nurses' Health Study,American Cancer Society
articles.A-B,Breast_Cancer_Res,Breast_Cancer_Res_2008_Aug_5_10(4)_R66.nxml,Breast cancer susceptibility loci and mammographic density,American Cancer Society
articles.A-B,Breast_Cancer_Res,Breast_Cancer_Res_2005_Oct_3_7(6)_245-251.nxml,Key stages in mammary gland development: The mammary end bud as a motile organ,American Cancer Society,
articles.A-B,Breast_Cancer_Res,Breast_Cancer_Res_2000_Jun_19_2(5)_378-385.nxml,Polymorphic repeat in AIB1 does not alter breast cancer risk,ACS
articles.A-B,Breast_Cancer_Res,Breast_Cancer_Res_2000_Feb_7_2(2)_77-81.nxml,Founder populations and their uses for breast cancer genetics,American Cancer Society,RPG-99-181-01
articles.A-B,Breast_Cancer_Res,Breast_Cancer_Res_2003_Feb_21_5(3)_R59-R64.nxml,Adolescent diet and risk of breast cancer,American Cancer Society
articles.A-B,Breast_Cancer_Res,Breast_Cancer_Res_2005_May_19_7(4)_R535-R540.nxml,Menopausal hormone therapy after breast cancer: a meta-analysis and critical appraisal of the evidence,American Cancer Society
articles.A-B,Breast_Cancer_Res,Breast_Cancer_Res_2007_Jan_3_9(1)_R1.nxml,SirT1 modulates the estrogeninsulin-like growth factor-1 signaling for postnatal development of mammary gland in mice,American Cancer Society,RSG-04-019-01-CNE
articles.A-B,Breast_Cancer_Res,Breast_Cancer_Res_2009_Aug_28_11(4)_R64.nxml,Serum 25-hydroxyvitamin D concentrations and postmenopausal breast cancer risk: a nested case control study in the Cancer Prevention Study-II Nutrition Cohort,American Cancer Society
articles.A-B,Breast_Cancer_Res,Breast_Cancer_Res_2001_Jun_14_3(4)_224-229.nxml,Tumour-stromal interactions: Integrins and cell adhesions as modulators of mammary cell survival and transformation,American Cancer Society,IRG-78-002-23
articles.A-B,Breast_Cancer_Res,Breast_Cancer_Res_2009_May_29_11(3)_206.nxml,Estrogen regulation of apoptosis: how can one hormone stimulate and inhibit?,American Cancer Society,IRG-92-027-14
articles.A-B,Breast_Cancer_Res,Breast_Cancer_Res_2009_May_22_11(3)_R31.nxml,Epidemiology of breast cancer subtypes in two prospective cohort studies of breast cancer survivors,American Cancer Society,RSG-06-209-01-LR
articles.A-B,Breast_Cancer_Res,Breast_Cancer_Res_2005_Nov_21_7(6)_R1168-R1173.nxml,A prospective study of XRCC1 (X-ray cross-complementing group 1) polymorphisms and breast cancer risk,American Cancer Society
articles.A-B,Breast_Cancer_Res,Breast_Cancer_Res_2002_Nov_20_4(1)_9-13.nxml,Distinct functions of BRCA1 and BRCA2 in double-strand break repair,American Cancer Society
articles.A-B,Breast_Cancer_Res,Breast_Cancer_Res_2000_Jul_21_2(6)_408-416.nxml,Molecular biology of breast cancer metastasis: Genetic regulation of human breast carcinoma metastasis,American Cancer Society
articles.A-B,Breast_Cancer_Res,Breast_Cancer_Res_2008_Jul_8_10(4)_R57.nxml,Genetic variation in candidate obesity genes ADRB2   ADRB3   GHRL   HSD11B1   IRS1   IRS2   and SHC1 and risk for breast cancer in the Cancer Prevention Study II,American Cancer Society
articles.A-B,Breast_Cancer_Res,Breast_Cancer_Res_2004_Oct_24_6(1)_R8-R17.nxml,A combined analysis of outcome following breast cancer: differences in survival based on BRCA1 / BRCA2 mutation status and administration of adjuvant treatment,American Cancer Society
articles.A-B,Breast_Cancer_Res,Breast_Cancer_Res_2013_Jan_22_15(1)_201.nxml,Patient-derived breast tumor xenografts facilitating personalized cancer therapy,American Cancer Society
articles.A-B,Breast_Cancer_Res,Breast_Cancer_Res_2007_Jul_20_9(4)_304.nxml,Estrogen regulation of mammary gland development and breast cancer: amphiregulin takes center stage,American Cancer Society,PF-06-252-01-MGO
articles.A-B,Breast_Cancer_Res,Breast_Cancer_Res_2005_Feb_18_7(3)_R314-R325.nxml,Body fatness during childhood and adolescence and incidence of breast cancer in premenopausal women: a prospective cohort study,American Cancer Society
articles.A-B,Breast_Cancer_Res,Breast_Cancer_Res_2001_Jan_5_3(2)_134-141.nxml,An investigation of soy intake and mammographic characteristics in Hawaii,ACS
articles.A-B,Breast_Cancer_Res,Breast_Cancer_Res_2008_Dec_5_10(6)_R104.nxml,Buthionine sulfoximine sensitizes antihormone-resistant human breast cancer cells to estrogen-induced apoptosis,American Cancer Society,IRG-92-027-14 (JSLW)
articles.A-B,Breast_Cancer_Res,Breast_Cancer_Res_2005_May_16_7(4)_R555-R562.nxml,Benign breast disease  recent alcohol consumption  and risk of breast cancer: a nested casecontrol study,American Cancer Society
articles.A-B,Breast_Cancer_Res,Breast_Cancer_Res_2009_Jan_27_11(1)_R5.nxml,Tamoxifen induces pleiotrophic changes in mammary stroma resulting in extracellular matrix that suppresses transformed phenotypes,American Cancer Society
articles.A-B,Breast_Cancer_Res,Breast_Cancer_Res_2006_Jun_6_8(3)_208.nxml,What can be learnt from models of incidence rates?,American Cancer Society
articles.A-B,Breast_Cancer_Res,Breast_Cancer_Res_2002_Apr_19_4(3)_113-121.nxml,CCAAT/enhancer binding proteins in normal mammary development and breast cancer,ACS
articles.A-B,Breast_Cancer_Res,Breast_Cancer_Res_2008_Dec_18_10(Suppl_4)_S25.nxml,Evaluation of biological agents targeted at early-stage disease,ACS
articles.A-B,Breast_Cancer_Res,Breast_Cancer_Res_2008_Aug_5_10(4)_R67.nxml,Comparison of molecular phenotypes of ductal carcinoma in situ and invasive breast cancer,American Cancer Society
articles.A-B,Breast_Cancer_Res,Breast_Cancer_Res_2007_Nov_26_9(6)_R82.nxml,Identification of BRCA1 missense substitutions that confer partial functional activity: potential moderate risk variants?,American Cancer Society,RSG-04-220-01-CCE
articles.A-B,Breast_Cancer_Res,Breast_Cancer_Res_2008_Nov_5_10(6)_215.nxml,Local control by radiotherapy: is that all there is?,American Cancer Society,RSG-05-145-01-LIB
articles.A-B,Breast_Cancer_Res,Breast_Cancer_Res_2007_Feb_14_9(1)_R18.nxml,Common genetic variation in IGF1  IGFBP-1  and IGFBP-3 in relation to mammographic density: a cross-sectional study,American Cancer Society
articles.A-B,BMC_Med,BMC_Med_2004_May_4_2_16.nxml,Membrane transport of camptothecin: facilitation by human P-glycoprotein (ABCB1) and multidrug resistance protein 2 (ABCC2),ACS,RPG-98-057-01-CCR
articles.A-B,BMC_Med,BMC_Med_2008_Apr_28_6_11.nxml,Collagen density promotes mammary tumor initiation and progression,American Cancer Society,RSG-00-339CSM
articles.A-B,BMC_Med,BMC_Med_2012_Jun_12_10_58.nxml,Prevalence and prognosis of non-specific chest pain among patients hospitalized for suspected acute coronary syndrome - a systematic literature search,ACS
articles.A-B,Br_J_Haematol,Br_J_Haematol_2008_Oct_143(2)_288-293.nxml,Duffy (Fy)  DARC   and neutropenia among women from the United States  Europe and the Caribbean,American Cancer Society,RSGHP PBP-105710
articles.A-B,BMC_Biochem,BMC_Biochem_2005_Mar_24_6_5.nxml,A simplified method for analysis of polyunsaturated fatty acids,American Cancer Society,RSG-03-140-01-CNE
articles.A-B,BMC_Biochem,BMC_Biochem_2002_Aug_19_3_23.nxml,A ~35 kDa polypeptide from insect cells binds to yeast ACS like elements in the presence of ATP,ACS
articles.A-B,BMC_Biochem,BMC_Biochem_2005_Nov_23_6_25.nxml,Characterization of the interactions between the active site of a protein tyrosine kinase and a divalent metal activator,American Cancer Society,RSG-04-247-01-CDD
articles.A-B,BMC_Biochem,BMC_Biochem_2004_Jul_26_5_11.nxml,Characterization of yeast histone H3-specific type B histone acetyltransferases identifies an ADA2 -independent Gcn5p activity,American Cancer Society,RPG-00-340-01-CSM
articles.A-B,BMC_Biochem,BMC_Biochem_2005_May_6_6_8.nxml,Rational polynomial representation of ribonucleotide reductase activity,American Cancer Society,IRG-91-022-09
articles.A-B,Biores_Open_Access,Biores_Open_Access_2014_Feb_1_3(1)_35-38.nxml,Physico-Chemical Factors Influencing Autologous Conditioned Serum Purification,ACS
articles.A-B,Biomed_Res_Int,Biomed_Res_Int_2013_Feb_28_2013_928178.nxml,A Case-Control Study between Gene Polymorphisms of Polyunsaturated Fatty Acid Metabolic Rate-Limiting Enzymes and Acute Coronary Syndrome in Chinese Han Population,ACS
articles.A-B,Biomed_Res_Int,Biomed_Res_Int_2014_May_7_2014_649185.nxml,Significance of Soluble Lectin-Like Oxidized LDL Receptor-1 Levels in Systemic and Coronary Circulation in Acute Coronary Syndrome,ACS
articles.A-B,Biomed_Res_Int,Biomed_Res_Int_2013_Mar_31_2013_826435.nxml,From Notochord Formation to Hereditary Chordoma: The Many Roles of Brachyury,American Cancer Society,RSG-08-042-01-DDC
articles.A-B,Biomed_Res_Int,Biomed_Res_Int_2014_Feb_6_2014_898159.nxml,The 14 bp Del/Ins HLA-G Polymorphism Is Related with High Blood Pressure in Acute Coronary Syndrome and Type 2 Diabetes Mellitus,ACS
articles.A-B,ACS_Chem_Biol,ACS_Chem_Biol_2011_Jan_21_6(1)_34-46.nxml,Identification of Direct Protein Targets of Small Molecules,American Cancer Society,RSG-07-035-01-CCG
articles.A-B,ACS_Chem_Biol,ACS_Chem_Biol_2014_Apr_18_9(4)_855-866.nxml,Bright Building Blocks for Chemical Biology,ACS
articles.A-B,ACS_Chem_Biol,ACS_Chem_Biol_2013_Mar_15_8(3)_500-505.nxml,d -Amino Acid Chemical Reporters Reveal Peptidoglycan Dynamics of an Intracellular Pathogen,American Cancer Society,PF-10-258-01-MPC
articles.A-B,BMC_Neurosci,BMC_Neurosci_2007_Nov_29_8_103.nxml,Projections from the posterolateral olfactory amygdala to the ventral striatum: neural basis for reinforcing properties of chemical stimuli,,PAC-05-007-01
articles.A-B,Biochem_Pharmacol,Biochem_Pharmacol_2008_Apr_1_75(7)_1550-1560.nxml,Mouse N -acetyltransferase type 2  the homologue of human N -acetyltransferase type 1,American Cancer Society
articles.A-B,Biomolecules,Biomolecules_2012_Sep_4_2(3)_376-388.nxml,Sumoylation and the DNA Damage Response,American Cancer Society,RSG-12-013-01-CCG
articles.A-B,Biomolecules,Biomolecules_2013_Jul_25_3(3)_435-448.nxml,Altered Sphingolipid Metabolism in Patients with Metastatic Pancreatic Cancer,American Cancer Society,
articles.A-B,Air_Qual_Atmos_Health,Air_Qual_Atmos_Health_2012_Jun_23_5(2)_203-216.nxml,Confounding and exposure measurement error in air pollution epidemiology,American Cancer Society
articles.A-B,Adv_Hematol,Adv_Hematol_2009_Aug_27_2009_634292.nxml,CREB: A Key Regulator of Normal and Neoplastic Hematopoiesis,American Cancer Society,RSG-99-081-01-LIB
articles.A-B,Biotechnol_Biofuels,Biotechnol_Biofuels_2013_Jul_27_6_108.nxml,Phenotypic selection of a wild Saccharomyces cerevisiae strain for simultaneous saccharification and co-fermentation of AFEX pretreated corn stover,ACS
articles.A-B,BMC_Proc,BMC_Proc_2009_Jul_24_3(Suppl_5)_I1.nxml,State of the Science and the Intraductal Approach for Breast Cancer: Proceedings Summary of The Sixth International Symposium on the Intraductal Approach To Breast Cancer Santa Monica  California  1921 February 2009,American Cancer Society
articles.A-B,Arch_Drug_Inf,Arch_Drug_Inf_2008_Sep_1(2)_70-78.nxml,Patients' Perceptions of Physician-Patient Discussions and Adverse Events with Cancer Therapy,American Cancer Society,RSGT-08-009-01-CPHPS
articles.A-B,BMC_Cancer,BMC_Cancer_2009_Sep_9_9_319.nxml,Cancer Health Empowerment for Living without Pain (Ca-HELP): study design and rationale for a tailored education and coaching intervention to enhance care of cancer-related pain,American Cancer Society
articles.A-B,BMC_Cancer,BMC_Cancer_2007_May_3_7_74.nxml,Promoter methylation of RASSF1A and DAPK and mutations of K-ras  p53  and EGFR in lung tumors from smokers and never-smokers,American Cancer Society,RPG-99-161-01-CNE
articles.A-B,BMC_Cancer,BMC_Cancer_2007_Jul_12_7_127.nxml,Overexpressed TP73 induces apoptosis in medulloblastoma,American Cancer Society
articles.A-B,BMC_Cancer,BMC_Cancer_2010_Oct_28_10_590.nxml,Therapy with un-engineered nave rat umbilical cord matrix stem cells markedly inhibits growth of murine lung adenocarcinoma,American Cancer Society
articles.A-B,BMC_Cancer,BMC_Cancer_2008_Apr_24_8_119.nxml,A stable explant culture of HER2/neu invasive carcinoma supported by alpha-Smooth Muscle Actin expressing stromal cells to evaluate therapeutic agents,American Cancer Society,RSG-03-086-01
articles.A-B,BMC_Cancer,BMC_Cancer_2005_Oct_19_5_135.nxml,Differential biologic effects of CPD and 6-4PP UV-induced DNA damage on the induction of apoptosis and cell-cycle arrest,American Cancer Society,RPG-96-070-07-CIM
articles.A-B,BMC_Cancer,BMC_Cancer_2008_Apr_11_8_98.nxml,Prognostic Impact of Array-based Genomic Profiles in Esophageal Squamous Cell Cancer,American Cancer Society,
articles.A-B,BMC_Cancer,BMC_Cancer_2006_Aug_2_6_204.nxml,A novel role for 3  4-dichloropropionanilide (DCPA) in the inhibition of prostate cancer cell migration  proliferation  and hypoxia-inducible factor 1alpha expression,American Cancer Society
articles.A-B,BMC_Cancer,BMC_Cancer_2008_Jun_2_8_157.nxml,Case-control study of tobacco smoke exposure and breast cancer risk in Delaware,American Cancer Society
articles.A-B,BMC_Cancer,BMC_Cancer_2008_Sep_18_8_264.nxml,Expression profile of CREB knockdown in myeloid leukemia cells,American Cancer Society,RSG-99-081-01-LIB
articles.A-B,BMC_Cancer,BMC_Cancer_2005_Jun_27_5_64.nxml,WWOX protein expression varies among ovarian carcinoma histotypes and correlates with less favorable outcome,ACS
articles.A-B,BMC_Cancer,BMC_Cancer_2005_Aug_4_5_95.nxml,Folate system correlations in DNA microarray data,American Cancer Society,IRG-91-022-09
articles.A-B,BMC_Cancer,BMC_Cancer_2006_Oct_6_6_239.nxml,Polymorphisms in GSTT1   GSTM1   NAT1 and NAT2 genes and bladder cancer risk in men and women,American Cancer Society,RSG-00-061-04-CCE
articles.A-B,BMC_Cancer,BMC_Cancer_2006_Apr_25_6_104.nxml,On systems and control approaches to therapeutic gain,American Cancer Society,IRG-91-022-09
articles.A-B,BMC_Cancer,BMC_Cancer_2008_Nov_7_8_327.nxml,Methylation of WTH3   a possible drug resistant gene  inhibits p53 regulated expression,American Cancer Society,RSG-03-137-01-CDD
articles.A-B,BMC_Cancer,BMC_Cancer_2008_Dec_24_8_387.nxml,Smoking  environmental tobacco smoke  and risk of renal cell cancer: a population-based case-control study,American Cancer Society,TURSG-02-068-01-PBP
articles.A-B,BMC_Cancer,BMC_Cancer_2008_Jun_2_8_158.nxml,Vav3 oncogene activates estrogen receptor and its overexpression may be involved in human breast cancer,American Cancer Society
articles.A-B,BMC_Cancer,BMC_Cancer_2007_Jan_9_7_4.nxml,Progression of renal cell carcinoma is inhibited by genistein and radiation in an orthotopic model,American Cancer Society,ROG-06-096-01
articles.A-B,BMC_Complement_Altern_Med,BMC_Complement_Altern_Med_2007_Jun_19_7_22.nxml,Oral squamous cell carcinoma proliferative phenotype is modulated by proanthocyanidins: a potential prevention and treatment alternative for oral cancer,American Cancer Society,
articles.A-B,BMC_Complement_Altern_Med,BMC_Complement_Altern_Med_2002_Aug_13_2_8.nxml,Use of complementary/alternative therapies by women with advanced-stage breast cancer,American Cancer Society
articles.A-B,BMC_Complement_Altern_Med,BMC_Complement_Altern_Med_2006_Oct_6_6_34.nxml,Use of selected complementary and alternative medicine (CAM) treatments in veterans with cancer or chronic pain: a cross-sectional survey,American Cancer Society,PTAPM-97-185-04
articles.A-B,BMC_Genomics,BMC_Genomics_2008_Sep_16_9(Suppl_2)_S16.nxml,Use artificial neural network to align biological ontologies,American Cancer Society
articles.A-B,BMC_Genomics,BMC_Genomics_2004_Dec_14_5_94.nxml,Prognostic meta-signature of breast cancer developed by two-stage mixture modeling of microarray data,American Cancer Society,RSG-02-179-01
articles.A-B,BMC_Genomics,BMC_Genomics_2007_Oct_22_8_382.nxml,Normalization of array-CGH data: influence of copy number imbalances,American Cancer Society,
articles.A-B,BMC_Genomics,BMC_Genomics_2014_May_10_15(1)_354.nxml,Whole genome profiling of spontaneous and chemically induced mutations in Toxoplasma gondii,American Cancer Society,RSG-12-175-01
articles.A-B,BMC_Genomics,BMC_Genomics_2008_Dec_3_9_579.nxml,MFS transportome of the human pathogenic yeast Candida albicans,ACS
articles.A-B,BMC_Genomics,BMC_Genomics_2007_Aug_29_8_295.nxml,Non-coding antisense transcription detected by conventional and single-stranded cDNA microarray,American Cancer Society
articles.A-B,BMC_Genomics,BMC_Genomics_2006_Oct_26_7_276.nxml,Genome-wide mapping of ORC and Mcm2p binding sites on tiling arrays and identification of essential ARS consensus sequences in S. cerevisiae,American Cancer Society,IRG-58-007-42
articles.A-B,BMC_Genomics,BMC_Genomics_2008_Dec_23_9_626.nxml,Sequence divergence of Mus spretus and Mus musculus across a skin cancer susceptibility locus,American Cancer Society,RSG-07-083-01-MGO
articles.A-B,BMC_Genomics,BMC_Genomics_2006_Nov_10_7_289.nxml,Gene expression patterns that predict sensitivity to epidermal growth factor receptor tyrosine kinase inhibitors in lung cancer cell lines and human lung tumors,American Cancer Society
articles.A-B,BMC_Med_Inform_Decis_Mak,BMC_Med_Inform_Decis_Mak_2006_Jul_6_6_28.nxml,A simple statistical model for prediction of acute coronary syndrome in chest pain patients in the emergency department,ACS
articles.A-B,BMC_Med_Inform_Decis_Mak,BMC_Med_Inform_Decis_Mak_2005_Nov_28_5_36.nxml,Development and initial testing of a computer-based patient decision aid to promote colorectal cancer screening for primary care practice,American Cancer Society,PTAPM-01-085-01
articles.A-B,BMC_Med_Inform_Decis_Mak,BMC_Med_Inform_Decis_Mak_2005_Aug_11_5_26.nxml,Pretest probability assessment derived from attribute matching,ACS
articles.A-B,BMC_Microbiol,BMC_Microbiol_2001_Jul_19_1_12.nxml,Evidence that the RNAseH activity of the duck hepatitis B virus is unable to act on exogenous substrates,American Cancer Society
articles.A-B,BMC_Microbiol,BMC_Microbiol_2004_Dec_8_4_47.nxml,Allele specific synthetic lethality between priC and dnaA ts alleles at the permissive temperature of 30C in E. coli K-12,American Cancer Society,RPG-99-194-04-GMC
